THA,1285,1285,5000,名詞,固有名詞,*,*,*,*,THA,ティーエイチエー,ティーエイチエー
TKA,1285,1285,5000,名詞,固有名詞,*,*,*,*,TKA,ティーケーエー,ティーケーエー
BHA,1285,1285,5000,名詞,固有名詞,*,*,*,*,BHA,ビーエイチエー,ビーエイチエー
UKA,1285,1285,5000,名詞,固有名詞,*,*,*,*,UKA,ユーケーエー,ユーケーエー
TSA,1285,1285,5000,名詞,固有名詞,*,*,*,*,TSA,ティーエスエー,ティーエスエー
RSA,1285,1285,5000,名詞,固有名詞,*,*,*,*,RSA,アールエスエー,アールエスエー
TEA,1285,1285,5000,名詞,固有名詞,*,*,*,*,TEA,ティーイーエー,ティーイーエー
TAA,1285,1285,5000,名詞,固有名詞,*,*,*,*,TAA,ティーエーエー,ティーエーエー
PLIF,1285,1285,5000,名詞,固有名詞,*,*,*,*,PLIF,ピーリフ,ピーリフ
TLIF,1285,1285,5000,名詞,固有名詞,*,*,*,*,TLIF,ティーリフ,ティーリフ
BKP,1285,1285,5000,名詞,固有名詞,*,*,*,*,BKP,ビーケーピー,ビーケーピー
VBS,1285,1285,5000,名詞,固有名詞,*,*,*,*,VBS,ブイビーエス,ブイビーエス
RAO,1285,1285,5000,名詞,固有名詞,*,*,*,*,RAO,アールエーオー,アールエーオー
HTO,1285,1285,5000,名詞,固有名詞,*,*,*,*,HTO,エイチティーオー,エイチティーオー
DFO,1285,1285,5000,名詞,固有名詞,*,*,*,*,DFO,ディーエフオー,ディーエフオー
ACL再建術,1285,1285,5000,名詞,固有名詞,*,*,*,*,ACL再建術,エーシーエルサイケンジュツ,エーシーエルサイケンジュツ
PCL再建術,1285,1285,5000,名詞,固有名詞,*,*,*,*,PCL再建術,ピーシーエルサイケンジュツ,ピーシーエルサイケンジュツ
t-PA,1285,1285,5000,名詞,固有名詞,*,*,*,*,t-PA,ティーピーエー,ティーピーエー
FAI,1285,1285,5000,名詞,固有名詞,*,*,*,*,FAI,エフエーアイ,エフエーアイ
TFCC損傷,1285,1285,5000,名詞,固有名詞,*,*,*,*,TFCC損傷,ティーエフシーシーソンショウ,ティーエフシーシーソンショウ
SLAP損傷,1285,1285,5000,名詞,固有名詞,*,*,*,*,SLAP損傷,スラップソンショウ,スラップソンショウ
Bankart損傷,1285,1285,5000,名詞,固有名詞,*,*,*,*,Bankart損傷,バンカートソンショウ,バンカートソンショウ
Hill-Sachs損傷,1285,1285,5000,名詞,固有名詞,*,*,*,*,Hill-Sachs損傷,ヒルサックスソンショウ,ヒルサックスソンショウ
RAGT,1285,1285,5000,名詞,固有名詞,*,*,*,*,RAGT,アールエージーティー,アールエージーティー
NPPV,1285,1285,5000,名詞,固有名詞,*,*,*,*,NPPV,エヌピーピーブイ,エヌピーピーブイ
IPPV,1285,1285,5000,名詞,固有名詞,*,*,*,*,IPPV,アイピーピーブイ,アイピーピーブイ
SNAC,1285,1285,5000,名詞,固有名詞,*,*,*,*,SNAC,スナック,スナック
CRPS,1285,1285,5000,名詞,固有名詞,*,*,*,*,CRPS,シーアールピーエス,シーアールピーエス
COPD,1285,1285,5000,名詞,固有名詞,*,*,*,*,COPD,シーオーピーディー,シーオーピーディー
ASO,1285,1285,5000,名詞,固有名詞,*,*,*,*,ASO,エーエスオー,エーエスオー
PAD,1285,1285,5000,名詞,固有名詞,*,*,*,*,PAD,ピーエーディー,ピーエーディー
SSI,1285,1285,5000,名詞,固有名詞,*,*,*,*,SSI,エスエスアイ,エスエスアイ
PJI,1285,1285,5000,名詞,固有名詞,*,*,*,*,PJI,ピージェーアイ,ピージェーアイ
DVT,1285,1285,5000,名詞,固有名詞,*,*,*,*,DVT,ディーブイティー,ディーブイティー
PTE,1285,1285,5000,名詞,固有名詞,*,*,*,*,PTE,ピーティーイー,ピーティーイー
VTE,1285,1285,5000,名詞,固有名詞,*,*,*,*,VTE,ブイティーイー,ブイティーイー
HO,1285,1285,5000,名詞,固有名詞,*,*,*,*,HO,エイチオー,エイチオー
CKD,1285,1285,5000,名詞,固有名詞,*,*,*,*,CKD,シーケーディー,シーケーディー
SAS,1285,1285,5000,名詞,固有名詞,*,*,*,*,SAS,サス,サス
FIM,1285,1285,5000,名詞,固有名詞,*,*,*,*,FIM,フィム,フィム
BI,1285,1285,5000,名詞,固有名詞,*,*,*,*,BI,ビーアイ,ビーアイ
VAS,1285,1285,5000,名詞,固有名詞,*,*,*,*,VAS,バス,バス
NRS,1285,1285,5000,名詞,固有名詞,*,*,*,*,NRS,エヌアールエス,エヌアールエス
JCS,1285,1285,5000,名詞,固有名詞,*,*,*,*,JCS,ジェーシーエス,ジェーシーエス
SF-36,1285,1285,5000,名詞,固有名詞,*,*,*,*,SF-36,エスエフサンジュウロク,エスエフサンジュウロク
EuroQol,1285,1285,5000,名詞,固有名詞,*,*,*,*,EuroQol,ユーロクオリティ,ユーロクオリティ
EQ-5D,1285,1285,5000,名詞,固有名詞,*,*,*,*,EQ-5D,イーキューゴディー,イーキューゴディー
TUG,1285,1285,5000,名詞,固有名詞,*,*,*,*,TUG,ティーユージー,ティーユージー
FRT,1285,1285,5000,名詞,固有名詞,*,*,*,*,FRT,エフアールティー,エフアールティー
JOAスコア,1285,1285,5000,名詞,固有名詞,*,*,*,*,JOAスコア,ジェーオーエースコア,ジェーオーエースコア
JOABPEQ,1285,1285,5000,名詞,固有名詞,*,*,*,*,JOABPEQ,ジェーオーエービーペック,ジェーオーエービーペック
RDQ,1285,1285,5000,名詞,固有名詞,*,*,*,*,RDQ,アールディーキュー,アールディーキュー
ODI,1285,1285,5000,名詞,固有名詞,*,*,*,*,ODI,オーディーアイ,オーディーアイ
WOMAC,1285,1285,5000,名詞,固有名詞,*,*,*,*,WOMAC,ウーマック,ウーマック
KOOS,1285,1285,5000,名詞,固有名詞,*,*,*,*,KOOS,コース,コース
HHS,1285,1285,5000,名詞,固有名詞,*,*,*,*,HHS,エイチエイチエス,エイチエイチエス
DASH,1285,1285,5000,名詞,固有名詞,*,*,*,*,DASH,ダッシュ,ダッシュ
ASES,1285,1285,5000,名詞,固有名詞,*,*,*,*,ASES,エイセス,エイセス
MMSE,1285,1285,5000,名詞,固有名詞,*,*,*,*,MMSE,エムエムエスイー,エムエムエスイー
HDS-R,1285,1285,5000,名詞,固有名詞,*,*,*,*,HDS-R,エイチディーエスアール,エイチディーエスアール
MoCA,1285,1285,5000,名詞,固有名詞,*,*,*,*,MoCA,モカ,モカ
TMT,1285,1285,5000,名詞,固有名詞,*,*,*,*,TMT,ティーエムティー,ティーエムティー
FAB,1285,1285,5000,名詞,固有名詞,*,*,*,*,FAB,ファブ,ファブ
MAS,1285,1285,5000,名詞,固有名詞,*,*,*,*,MAS,マス,マス
RSST,1285,1285,5000,名詞,固有名詞,*,*,*,*,RSST,アールエスエスティー,アールエスエスティー
MWST,1285,1285,5000,名詞,固有名詞,*,*,*,*,MWST,エムダブリューエスティー,エムダブリューエスティー
EAT-10,1285,1285,5000,名詞,固有名詞,*,*,*,*,EAT-10,イートテン,イートテン
PNF,1285,1285,5000,名詞,固有名詞,*,*,*,*,PNF,ピーエヌエフ,ピーエヌエフ
CKC,1285,1285,5000,名詞,固有名詞,*,*,*,*,CKC,シーケーシー,シーケーシー
OKC,1285,1285,5000,名詞,固有名詞,*,*,*,*,OKC,オーケーシー,オーケーシー
TENS,1285,1285,5000,名詞,固有名詞,*,*,*,*,TENS,テンズ,テンズ
EMS,1285,1285,5000,名詞,固有名詞,*,*,*,*,EMS,イーエムエス,イーエムエス
FES,1285,1285,5000,名詞,固有名詞,*,*,*,*,FES,フェス,フェス
CPM,1285,1285,5000,名詞,固有名詞,*,*,*,*,CPM,シーピーエム,シーピーエム
IVES,1285,1285,5000,名詞,固有名詞,*,*,*,*,IVES,アイブス,アイブス
SAPHO症候群,1285,1285,5000,名詞,固有名詞,*,*,*,*,SAPHO症候群,サフォショウコウグン,サフォショウコウグン
K-L分類,1285,1285,5000,名詞,固有名詞,*,*,*,*,K-L分類,ケーエルブンルイ,ケーエルブンルイ
人工股関節全置換術,1285,1285,5000,名詞,固有名詞,*,*,*,*,人工股関節全置換術,ジンコウコカンセツゼンチカンジュツ,ジンコウコカンセツゼンチカンジュツ
人工膝関節全置換術,1285,1285,5000,名詞,固有名詞,*,*,*,*,人工膝関節全置換術,ジンコウヒザカンセツゼンチカンジュツ,ジンコウヒザカンセツゼンチカンジュツ
全人工膝関節置換術,1285,1285,5000,名詞,固有名詞,*,*,*,*,全人工膝関節置換術,ゼンジンコウヒザカンセツチカンジュツ,ゼンジンコウヒザカンセツチカンジュツ
人工膝関節形成術,1285,1285,5000,名詞,固有名詞,*,*,*,*,人工膝関節形成術,ジンコウヒザカンセツケイセイジュツ,ジンコウヒザカンセツケイセイジュツ
人工膝関節手術,1285,1285,5000,名詞,固有名詞,*,*,*,*,人工膝関節手術,ジンコウヒザカンセツシュジュツ,ジンコウヒザカンセツシュジュツ
人工膝関節置換術,1285,1285,5000,名詞,固有名詞,*,*,*,*,人工膝関節置換術,ジンコウヒザカンセツチカンジュツ,ジンコウヒザカンセツチカンジュツ
人工股関節置換術,1285,1285,5000,名詞,固有名詞,*,*,*,*,人工股関節置換術,ジンコウコカンセツチカンジュツ,ジンコウコカンセツチカンジュツ
全人工股関節置換術,1285,1285,5000,名詞,固有名詞,*,*,*,*,全人工股関節置換術,ゼンジンコウコカンセツチカンジュツ,ゼンジンコウコカンセツチカンジュツ
人工股関節手術,1285,1285,5000,名詞,固有名詞,*,*,*,*,人工股関節手術,ジンコウコカンセツシュジュツ,ジンコウコカンセツシュジュツ
人工関節置換術,1285,1285,5000,名詞,固有名詞,*,*,*,*,人工関節置換術,ジンコウカンセツチカンジュツ,ジンコウカンセツチカンジュツ
人工骨頭挿入術,1285,1285,5000,名詞,固有名詞,*,*,*,*,人工骨頭挿入術,ジンコウコットウソウニュウジュツ,ジンコウコットウソウニュウジュツ
人工膝関節単顆置換術,1285,1285,5000,名詞,固有名詞,*,*,*,*,人工膝関節単顆置換術,ジンコウヒザカンセツタンカチカンジュツ,ジンコウヒザカンセツタンカチカンジュツ
人工肩関節全置換術,1285,1285,5000,名詞,固有名詞,*,*,*,*,人工肩関節全置換術,ジンコウカタカンセツゼンチカンジュツ,ジンコウカタカンセツゼンチカンジュツ
リバース型人工肩関節置換術,1285,1285,5000,名詞,固有名詞,*,*,*,*,リバース型人工肩関節置換術,リバースガタジンコウカタカンセツチカンジュツ,リバースガタジンコウカタカンセツチカンジュツ
人工肘関節全置換術,1285,1285,5000,名詞,固有名詞,*,*,*,*,人工肘関節全置換術,ジンコウヒジカンセツゼンチカンジュツ,ジンコウヒジカンセツゼンチカンジュツ
人工足関節全置換術,1285,1285,5000,名詞,固有名詞,*,*,*,*,人工足関節全置換術,ジンコウアシカンセツゼンチカンジュツ,ジンコウアシカンセツゼンチカンジュツ
人工指関節置換術,1285,1285,5000,名詞,固有名詞,*,*,*,*,人工指関節置換術,ジンコウユビカンセツチカンジュツ,ジンコウユビカンセツチカンジュツ
脊椎固定術,1285,1285,5000,名詞,固有名詞,*,*,*,*,脊椎固定術,セキツイコテイジュツ,セキツイコテイジュツ
頸椎前方除圧固定術,1285,1285,5000,名詞,固有名詞,*,*,*,*,頸椎前方除圧固定術,ケイツイゼンポウジョアツコテイジュツ,ケイツイゼンポウジョアツコテイジュツ
頸椎後方除圧固定術,1285,1285,5000,名詞,固有名詞,*,*,*,*,頸椎後方除圧固定術,ケイツイコウホウジョアツコテイジュツ,ケイツイコウホウジョアツコテイジュツ
頸椎椎弓形成術,1285,1285,5000,名詞,固有名詞,*,*,*,*,頸椎椎弓形成術,ケイツイツイキュウケイセイジュツ,ケイツイツイキュウケイセイジュツ
腰椎後方除圧固定術,1285,1285,5000,名詞,固有名詞,*,*,*,*,腰椎後方除圧固定術,ヨウツイコウホウジョアツコテイジュツ,ヨウツイコウホウジョアツコテイジュツ
腰椎前方除圧固定術,1285,1285,5000,名詞,固有名詞,*,*,*,*,腰椎前方除圧固定術,ヨウツイゼンポウジョアツコテイジュツ,ヨウツイゼンポウジョアツコテイジュツ
脊椎側弯症矯正固定術,1285,1285,5000,名詞,固有名詞,*,*,*,*,脊椎側弯症矯正固定術,セキツイソクワンショウキョウセイコテイジュツ,セキツイソクワンショウキョウセイコテイジュツ
椎体形成術,1285,1285,5000,名詞,固有名詞,*,*,*,*,椎体形成術,ツイタイケイセイジュツ,ツイタイケイセイジュツ
寛骨臼回転骨切り術,1285,1285,5000,名詞,固有名詞,*,*,*,*,寛骨臼回転骨切り術,カンコツキュウカイテンコツキリジュツ,カンコツキュウカイテンコツキリジュツ
寛骨臼棚形成術,1285,1285,5000,名詞,固有名詞,*,*,*,*,寛骨臼棚形成術,カンコツキュウタナケイセイジュツ,カンコツキュウタナケイセイジュツ
大腿骨骨切り術,1285,1285,5000,名詞,固有名詞,*,*,*,*,大腿骨骨切り術,ダイタイコツコツキリジュツ,ダイタイコツコツキリジュツ
高位脛骨骨切り術,1285,1285,5000,名詞,固有名詞,*,*,*,*,高位脛骨骨切り術,コウイケイコツコツキリジュツ,コウイケイコツコツキリジュツ
大腿骨遠位骨切り術,1285,1285,5000,名詞,固有名詞,*,*,*,*,大腿骨遠位骨切り術,ダイタイコツエンイコツキリジュツ,ダイタイコツエンイコツキリジュツ
踵骨骨切り術,1285,1285,5000,名詞,固有名詞,*,*,*,*,踵骨骨切り術,ショウコツコツキリジュツ,ショウコツコツキリジュツ
矯正骨切り術,1285,1285,5000,名詞,固有名詞,*,*,*,*,矯正骨切り術,キョウセイコツキリジュツ,キョウセイコツキリジュツ
関節鏡視下手術,1285,1285,5000,名詞,固有名詞,*,*,*,*,関節鏡視下手術,カンセツキョウシカシュジュツ,カンセツキョウシカシュジュツ
腱板修復術,1285,1285,5000,名詞,固有名詞,*,*,*,*,腱板修復術,ケンバンシュウフクジュツ,ケンバンシュウフクジュツ
Bankart修復術,1285,1285,5000,名詞,固有名詞,*,*,*,*,Bankart修復術,バンカートシュウフクジュツ,バンカートシュウフクジュツ
SLAP修復術,1285,1285,5000,名詞,固有名詞,*,*,*,*,SLAP修復術,スラップシュウフクジュツ,スラップシュウフクジュツ
肩峰下除圧術,1285,1285,5000,名詞,固有名詞,*,*,*,*,肩峰下除圧術,ケンポウカジョアツジュツ,ケンポウカジョアツジュツ
半月板切除術,1285,1285,5000,名詞,固有名詞,*,*,*,*,半月板切除術,ハンゲツバンセツジョジュツ,ハンゲツバンセツジョジュツ
半月板縫合術,1285,1285,5000,名詞,固有名詞,*,*,*,*,半月板縫合術,ハンゲツバンホウゴウジュツ,ハンゲツバンホウゴウジュツ
前十字靭帯再建術,1285,1285,5000,名詞,固有名詞,*,*,*,*,前十字靭帯再建術,ゼンジュウジジンタイサイケンジュツ,ゼンジュウジジンタイサイケンジュツ
後十字靭帯再建術,1285,1285,5000,名詞,固有名詞,*,*,*,*,後十字靭帯再建術,コウジュウジジンタイサイケンジュツ,コウジュウジジンタイサイケンジュツ
関節内遊離体摘出術,1285,1285,5000,名詞,固有名詞,*,*,*,*,関節内遊離体摘出術,カンセツナイユウリタイテキシュツジュツ,カンセツナイユウリタイテキシュツジュツ
滑膜切除術,1285,1285,5000,名詞,固有名詞,*,*,*,*,滑膜切除術,カツマクセツジョジュツ,カツマクセツジョジュツ
足関節靭帯修復術,1285,1285,5000,名詞,固有名詞,*,*,*,*,足関節靭帯修復術,アシカンセツジンタイシュウフクジュツ,アシカンセツジンタイシュウフクジュツ
股関節唇修復術,1285,1285,5000,名詞,固有名詞,*,*,*,*,股関節唇修復術,コカンセツシンシュウフクジュツ,コカンセツシンシュウフクジュツ
アキレス腱縫合術,1285,1285,5000,名詞,固有名詞,*,*,*,*,アキレス腱縫合術,アキレスケンホウゴウジュツ,アキレスケンホウゴウジュツ
腱剥離術,1285,1285,5000,名詞,固有名詞,*,*,*,*,腱剥離術,ケンハクリジュツ,ケンハクリジュツ
腱移行術,1285,1285,5000,名詞,固有名詞,*,*,*,*,腱移行術,ケンイコウジュツ,ケンイコウジュツ
腱移植術,1285,1285,5000,名詞,固有名詞,*,*,*,*,腱移植術,ケンイショクジュツ,ケンイショクジュツ
屈筋腱縫合術,1285,1285,5000,名詞,固有名詞,*,*,*,*,屈筋腱縫合術,クッキンケンホウゴウジュツ,クッキンケンホウゴウジュツ
伸筋腱縫合術,1285,1285,5000,名詞,固有名詞,*,*,*,*,伸筋腱縫合術,シンキンケンホウゴウジュツ,シンキンケンホウゴウジュツ
手根管開放術,1285,1285,5000,名詞,固有名詞,*,*,*,*,手根管開放術,シュコンカンカイホウジュツ,シュコンカンカイホウジュツ
肘部管開放術,1285,1285,5000,名詞,固有名詞,*,*,*,*,肘部管開放術,チュウブカンカイホウジュツ,チュウブカンカイホウジュツ
神経剥離術,1285,1285,5000,名詞,固有名詞,*,*,*,*,神経剥離術,シンケイハクリジュツ,シンケイハクリジュツ
神経縫合術,1285,1285,5000,名詞,固有名詞,*,*,*,*,神経縫合術,シンケイホウゴウジュツ,シンケイホウゴウジュツ
神経移植術,1285,1285,5000,名詞,固有名詞,*,*,*,*,神経移植術,シンケイイショクジュツ,シンケイイショクジュツ
変形性股関節症,1285,1285,5000,名詞,固有名詞,*,*,*,*,変形性股関節症,ヘンケイセイコカンセツショウ,ヘンケイセイコカンセツショウ
変形性膝関節症,1285,1285,5000,名詞,固有名詞,*,*,*,*,変形性膝関節症,ヘンケイセイヒザカンセツショウ,ヘンケイセイヒザカンセツショウ
変形性足関節症,1285,1285,5000,名詞,固有名詞,*,*,*,*,変形性足関節症,ヘンケイセイアシカンセツショウ,ヘンケイセイアシカンセツショウ
変形性肩関節症,1285,1285,5000,名詞,固有名詞,*,*,*,*,変形性肩関節症,ヘンケイセイカタカンセツショウ,ヘンケイセイカタカンセツショウ
変形性肘関節症,1285,1285,5000,名詞,固有名詞,*,*,*,*,変形性肘関節症,ヘンケイセイヒジカンセツショウ,ヘンケイセイヒジカンセツショウ
変形性手指関節症,1285,1285,5000,名詞,固有名詞,*,*,*,*,変形性手指関節症,ヘンケイセイシュシカンセツショウ,ヘンケイセイシュシカンセツショウ
臼蓋形成不全,1285,1285,5000,名詞,固有名詞,*,*,*,*,臼蓋形成不全,キュウガイケイセイフゼン,キュウガイケイセイフゼン
大腿骨頭壊死症,1285,1285,5000,名詞,固有名詞,*,*,*,*,大腿骨頭壊死症,ダイタイコットウエシショウ,ダイタイコットウエシショウ
関節リウマチ,1285,1285,5000,名詞,固有名詞,*,*,*,*,関節リウマチ,カンセツリウマチ,カンセツリウマチ
若年性特発性関節炎,1285,1285,5000,名詞,固有名詞,*,*,*,*,若年性特発性関節炎,ジャクネンセイトクハツセイカンセツエン,ジャクネンセイトクハツセイカンセツエン
肩関節周囲炎,1285,1285,5000,名詞,固有名詞,*,*,*,*,肩関節周囲炎,カタカンセツシュウイエン,カタカンセツシュウイエン
五十肩,1285,1285,5000,名詞,固有名詞,*,*,*,*,五十肩,ゴジュウカタ,ゴジュウカタ
癒着性関節包炎,1285,1285,5000,名詞,固有名詞,*,*,*,*,癒着性関節包炎,ユチャクセイカンセツホウエン,ユチャクセイカンセツホウエン
凍結肩,1285,1285,5000,名詞,固有名詞,*,*,*,*,凍結肩,トウケツカタ,トウケツカタ
痛風,1285,1285,5000,名詞,固有名詞,*,*,*,*,痛風,ツウフウ,ツウフウ
偽痛風,1285,1285,5000,名詞,固有名詞,*,*,*,*,偽痛風,ギツウフウ,ギツウフウ
化膿性関節炎,1285,1285,5000,名詞,固有名詞,*,*,*,*,化膿性関節炎,カノウセイカンセツエン,カノウセイカンセツエン
乾癬性関節炎,1285,1285,5000,名詞,固有名詞,*,*,*,*,乾癬性関節炎,カンセンセイカンセツエン,カンセンセイカンセツエン
反応性関節炎,1285,1285,5000,名詞,固有名詞,*,*,*,*,反応性関節炎,ハンノウセイカンセツエン,ハンノウセイカンセツエン
腸炎性関節炎,1285,1285,5000,名詞,固有名詞,*,*,*,*,腸炎性関節炎,チョウエンセイカンセツエン,チョウエンセイカンセツエン
血友病性関節症,1285,1285,5000,名詞,固有名詞,*,*,*,*,血友病性関節症,ケツユウビョウセイカンセツショウ,ケツユウビョウセイカンセツショウ
SAPHO症候群,1285,1285,5000,名詞,固有名詞,*,*,*,*,SAPHO症候群,サフォショウコウグン,サフォショウコウグン
アミロイド関節症,1285,1285,5000,名詞,固有名詞,*,*,*,*,アミロイド関節症,アミロイドカンセツショウ,アミロイドカンセツショウ
リウマチ性多発筋痛症,1285,1285,5000,名詞,固有名詞,*,*,*,*,リウマチ性多発筋痛症,リウマチセイタハツキンツウショウ,リウマチセイタハツキンツウショウ
膝蓋大腿関節症,1285,1285,5000,名詞,固有名詞,*,*,*,*,膝蓋大腿関節症,シツガイダイタイカンセツショウ,シツガイダイタイカンセツショウ
頸椎症,1285,1285,5000,名詞,固有名詞,*,*,*,*,頸椎症,ケイツイショウ,ケイツイショウ
頸椎症性脊髄症,1285,1285,5000,名詞,固有名詞,*,*,*,*,頸椎症性脊髄症,ケイツイショウセイセキズイショウ,ケイツイショウセイセキズイショウ
頸椎症性神経根症,1285,1285,5000,名詞,固有名詞,*,*,*,*,頸椎症性神経根症,ケイツイショウセイシンケイコンショウ,ケイツイショウセイシンケイコンショウ
頸椎椎間板ヘルニア,1285,1285,5000,名詞,固有名詞,*,*,*,*,頸椎椎間板ヘルニア,ケイツイツイカンバンヘルニア,ケイツイツイカンバンヘルニア
腰椎椎間板ヘルニア,1285,1285,5000,名詞,固有名詞,*,*,*,*,腰椎椎間板ヘルニア,ヨウツイツイカンバンヘルニア,ヨウツイツイカンバンヘルニア
腰部脊柱管狭窄症,1285,1285,5000,名詞,固有名詞,*,*,*,*,腰部脊柱管狭窄症,ヨウブセキチュウカンキョウサクショウ,ヨウブセキチュウカンキョウサクショウ
腰椎すべり症,1285,1285,5000,名詞,固有名詞,*,*,*,*,腰椎すべり症,ヨウツイスベリショウ,ヨウツイスベリショウ
腰椎分離症,1285,1285,5000,名詞,固有名詞,*,*,*,*,腰椎分離症,ヨウツイブンリショウ,ヨウツイブンリショウ
脊椎圧迫骨折,1285,1285,5000,名詞,固有名詞,*,*,*,*,脊椎圧迫骨折,セキツイアッパクコッセツ,セキツイアッパクコッセツ
後縦靭帯骨化症,1285,1285,5000,名詞,固有名詞,*,*,*,*,後縦靭帯骨化症,コウジュウジンタイコッカショウ,コウジュウジンタイコッカショウ
黄色靭帯骨化症,1285,1285,5000,名詞,固有名詞,*,*,*,*,黄色靭帯骨化症,オウショクジンタイコッカショウ,オウショクジンタイコッカショウ
側弯症,1285,1285,5000,名詞,固有名詞,*,*,*,*,側弯症,ソクワンショウ,ソクワンショウ
特発性側弯症,1285,1285,5000,名詞,固有名詞,*,*,*,*,特発性側弯症,トクハツセイソクワンショウ,トクハツセイソクワンショウ
成人脊柱変形,1285,1285,5000,名詞,固有名詞,*,*,*,*,成人脊柱変形,セイジンセキチュウヘンケイ,セイジンセキチュウヘンケイ
強直性脊椎炎,1285,1285,5000,名詞,固有名詞,*,*,*,*,強直性脊椎炎,キョウチョクセイセキツイエン,キョウチョクセイセキツイエン
脊髄腫瘍,1285,1285,5000,名詞,固有名詞,*,*,*,*,脊髄腫瘍,セキズイシュヨウ,セキズイシュヨウ
脊椎カリエス,1285,1285,5000,名詞,固有名詞,*,*,*,*,脊椎カリエス,セキツイカリエス,セキツイカリエス
化膿性脊椎炎,1285,1285,5000,名詞,固有名詞,*,*,*,*,化膿性脊椎炎,カノウセイセキツイエン,カノウセイセキツイエン
脊柱後弯症,1285,1285,5000,名詞,固有名詞,*,*,*,*,脊柱後弯症,セキチュウコウワンショウ,セキチュウコウワンショウ
脊柱前弯症,1285,1285,5000,名詞,固有名詞,*,*,*,*,脊柱前弯症,セキチュウゼンワンショウ,セキチュウゼンワンショウ
椎間板炎,1285,1285,5000,名詞,固有名詞,*,*,*,*,椎間板炎,ツイカンバンエン,ツイカンバンエン
ショイエルマン病,1285,1285,5000,名詞,固有名詞,*,*,*,*,ショイエルマン病,ショイエルマンビョウ,ショイエルマンビョウ
腰椎椎間孔狭窄症,1285,1285,5000,名詞,固有名詞,*,*,*,*,腰椎椎間孔狭窄症,ヨウツイツイカンコウキョウサクショウ,ヨウツイツイカンコウキョウサクショウ
馬尾症候群,1285,1285,5000,名詞,固有名詞,*,*,*,*,馬尾症候群,バビショウコウグン,バビショウコウグン
環軸関節亜脱臼,1285,1285,5000,名詞,固有名詞,*,*,*,*,環軸関節亜脱臼,カンジクカンセツアダッキュウ,カンジクカンセツアダッキュウ
変形性脊椎症,1285,1285,5000,名詞,固有名詞,*,*,*,*,変形性脊椎症,ヘンケイセイセキツイショウ,ヘンケイセイセキツイショウ
椎間板変性症,1285,1285,5000,名詞,固有名詞,*,*,*,*,椎間板変性症,ツイカンバンヘンセイショウ,ツイカンバンヘンセイショウ
仙腸関節障害,1285,1285,5000,名詞,固有名詞,*,*,*,*,仙腸関節障害,センチョウカンセツショウガイ,センチョウカンセツショウガイ
仙腸関節炎,1285,1285,5000,名詞,固有名詞,*,*,*,*,仙腸関節炎,センチョウカンセツエン,センチョウカンセツエン
腰痛症,1285,1285,5000,名詞,固有名詞,*,*,*,*,腰痛症,ヨウツウショウ,ヨウツウショウ
鎖骨骨折,1285,1285,5000,名詞,固有名詞,*,*,*,*,鎖骨骨折,サコツコッセツ,サコツコッセツ
肩甲骨骨折,1285,1285,5000,名詞,固有名詞,*,*,*,*,肩甲骨骨折,ケンコウコツコッセツ,ケンコウコツコッセツ
上腕骨近位端骨折,1285,1285,5000,名詞,固有名詞,*,*,*,*,上腕骨近位端骨折,ジョウワンコツキンイタンコッセツ,ジョウワンコツキンイタンコッセツ
上腕骨骨幹部骨折,1285,1285,5000,名詞,固有名詞,*,*,*,*,上腕骨骨幹部骨折,ジョウワンコツコツカンブコッセツ,ジョウワンコツコツカンブコッセツ
上腕骨遠位端骨折,1285,1285,5000,名詞,固有名詞,*,*,*,*,上腕骨遠位端骨折,ジョウワンコツエンイタンコッセツ,ジョウワンコツエンイタンコッセツ
肘頭骨折,1285,1285,5000,名詞,固有名詞,*,*,*,*,肘頭骨折,チュウトウコッセツ,チュウトウコッセツ
橈骨頭骨折,1285,1285,5000,名詞,固有名詞,*,*,*,*,橈骨頭骨折,トウコツトウコッセツ,トウコツトウコッセツ
橈骨遠位端骨折,1285,1285,5000,名詞,固有名詞,*,*,*,*,橈骨遠位端骨折,トウコツエンイタンコッセツ,トウコツエンイタンコッセツ
コーレス骨折,1285,1285,5000,名詞,固有名詞,*,*,*,*,コーレス骨折,コーレスコッセツ,コーレスコッセツ
舟状骨骨折,1285,1285,5000,名詞,固有名詞,*,*,*,*,舟状骨骨折,シュウジョウコツコッセツ,シュウジョウコツコッセツ
中手骨骨折,1285,1285,5000,名詞,固有名詞,*,*,*,*,中手骨骨折,チュウシュコツコッセツ,チュウシュコツコッセツ
ボクサー骨折,1285,1285,5000,名詞,固有名詞,*,*,*,*,ボクサー骨折,ボクサーコッセツ,ボクサーコッセツ
大腿骨近位部骨折,1285,1285,5000,名詞,固有名詞,*,*,*,*,大腿骨近位部骨折,ダイタイコツキンイブコッセツ,ダイタイコツキンイブコッセツ
大腿骨頸部骨折,1285,1285,5000,名詞,固有名詞,*,*,*,*,大腿骨頸部骨折,ダイタイコツケイブコッセツ,ダイタイコツケイブコッセツ
大腿骨転子部骨折,1285,1285,5000,名詞,固有名詞,*,*,*,*,大腿骨転子部骨折,ダイタイコツテンシブコッセツ,ダイタイコツテンシブコッセツ
大腿骨骨幹部骨折,1285,1285,5000,名詞,固有名詞,*,*,*,*,大腿骨骨幹部骨折,ダイタイコツコツカンブコッセツ,ダイタイコツコツカンブコッセツ
大腿骨遠位部骨折,1285,1285,5000,名詞,固有名詞,*,*,*,*,大腿骨遠位部骨折,ダイタイコツエンイブコッセツ,ダイタイコツエンイブコッセツ
膝蓋骨骨折,1285,1285,5000,名詞,固有名詞,*,*,*,*,膝蓋骨骨折,シツガイコツコッセツ,シツガイコツコッセツ
脛骨高原骨折,1285,1285,5000,名詞,固有名詞,*,*,*,*,脛骨高原骨折,ケイコツコウゲンコッセツ,ケイコツコウゲンコッセツ
下腿骨骨折,1285,1285,5000,名詞,固有名詞,*,*,*,*,下腿骨骨折,カタイコツコッセツ,カタイコツコッセツ
足関節骨折,1285,1285,5000,名詞,固有名詞,*,*,*,*,足関節骨折,アシカンセツコッセツ,アシカンセツコッセツ
踵骨骨折,1285,1285,5000,名詞,固有名詞,*,*,*,*,踵骨骨折,ショウコツコッセツ,ショウコツコッセツ
中足骨骨折,1285,1285,5000,名詞,固有名詞,*,*,*,*,中足骨骨折,チュウソクコツコッセツ,チュウソクコツコッセツ
ジョーンズ骨折,1285,1285,5000,名詞,固有名詞,*,*,*,*,ジョーンズ骨折,ジョーンズコッセツ,ジョーンズコッセツ
骨盤骨折,1285,1285,5000,名詞,固有名詞,*,*,*,*,骨盤骨折,コツバンコッセツ,コツバンコッセツ
寛骨臼骨折,1285,1285,5000,名詞,固有名詞,*,*,*,*,寛骨臼骨折,カンコツキュウコッセツ,カンコツキュウコッセツ
肋骨骨折,1285,1285,5000,名詞,固有名詞,*,*,*,*,肋骨骨折,ロッコツコッセツ,ロッコツコッセツ
ガレアッツィ骨折,1285,1285,5000,名詞,固有名詞,*,*,*,*,ガレアッツィ骨折,ガレアッツィコッセツ,ガレアッツィコッセツ
モンテジア骨折,1285,1285,5000,名詞,固有名詞,*,*,*,*,モンテジア骨折,モンテジアコッセツ,モンテジアコッセツ
ピロン骨折,1285,1285,5000,名詞,固有名詞,*,*,*,*,ピロン骨折,ピロンコッセツ,ピロンコッセツ
ベネット骨折,1285,1285,5000,名詞,固有名詞,*,*,*,*,ベネット骨折,ベネットコッセツ,ベネットコッセツ
ローランド骨折,1285,1285,5000,名詞,固有名詞,*,*,*,*,ローランド骨折,ローランドコッセツ,ローランドコッセツ
有鉤骨骨折,1285,1285,5000,名詞,固有名詞,*,*,*,*,有鉤骨骨折,ユウコウコツコッセツ,ユウコウコツコッセツ
脆弱性骨折,1285,1285,5000,名詞,固有名詞,*,*,*,*,脆弱性骨折,ゼイジャクセイコッセツ,ゼイジャクセイコッセツ
非定型大腿骨骨折,1285,1285,5000,名詞,固有名詞,*,*,*,*,非定型大腿骨骨折,ヒテイケイダイタイコツコッセツ,ヒテイケイダイタイコツコッセツ
骨盤輪不安定症,1285,1285,5000,名詞,固有名詞,*,*,*,*,骨盤輪不安定症,コツバンリンフアンテイショウ,コツバンリンフアンテイショウ
恥骨結合離開,1285,1285,5000,名詞,固有名詞,*,*,*,*,恥骨結合離開,チコツケツゴウリカイ,チコツケツゴウリカイ
肩関節脱臼,1285,1285,5000,名詞,固有名詞,*,*,*,*,肩関節脱臼,カタカンセツダッキュウ,カタカンセツダッキュウ
反復性肩関節脱臼,1285,1285,5000,名詞,固有名詞,*,*,*,*,反復性肩関節脱臼,ハンプクセイカタカンセツダッキュウ,ハンプクセイカタカンセツダッキュウ
肘関節脱臼,1285,1285,5000,名詞,固有名詞,*,*,*,*,肘関節脱臼,ヒジカンセツダッキュウ,ヒジカンセツダッキュウ
股関節脱臼,1285,1285,5000,名詞,固有名詞,*,*,*,*,股関節脱臼,コカンセツダッキュウ,コカンセツダッキュウ
月状骨周囲脱臼,1285,1285,5000,名詞,固有名詞,*,*,*,*,月状骨周囲脱臼,ゲツジョウコツシュウイダッキュウ,ゲツジョウコツシュウイダッキュウ
肩鎖関節脱臼,1285,1285,5000,名詞,固有名詞,*,*,*,*,肩鎖関節脱臼,ケンサカンセツダッキュウ,ケンサカンセツダッキュウ
膝蓋骨脱臼,1285,1285,5000,名詞,固有名詞,*,*,*,*,膝蓋骨脱臼,シツガイコツダッキュウ,シツガイコツダッキュウ
反復性膝蓋骨脱臼,1285,1285,5000,名詞,固有名詞,*,*,*,*,反復性膝蓋骨脱臼,ハンプクセイシツガイコツダッキュウ,ハンプクセイシツガイコツダッキュウ
腓骨筋腱脱臼,1285,1285,5000,名詞,固有名詞,*,*,*,*,腓骨筋腱脱臼,ヒコツキンケンダッキュウ,ヒコツキンケンダッキュウ
腱板断裂,1285,1285,5000,名詞,固有名詞,*,*,*,*,腱板断裂,ケンバンダンレツ,ケンバンダンレツ
前十字靭帯損傷,1285,1285,5000,名詞,固有名詞,*,*,*,*,前十字靭帯損傷,ゼンジュウジジンタイソンショウ,ゼンジュウジジンタイソンショウ
後十字靭帯損傷,1285,1285,5000,名詞,固有名詞,*,*,*,*,後十字靭帯損傷,コウジュウジジンタイソンショウ,コウジュウジジンタイソンショウ
内側側副靭帯損傷,1285,1285,5000,名詞,固有名詞,*,*,*,*,内側側副靭帯損傷,ナイソクソクフクジンタイソンショウ,ナイソクソクフクジンタイソンショウ
外側側副靭帯損傷,1285,1285,5000,名詞,固有名詞,*,*,*,*,外側側副靭帯損傷,ガイソクソクフクジンタイソンショウ,ガイソクソクフクジンタイソンショウ
半月板損傷,1285,1285,5000,名詞,固有名詞,*,*,*,*,半月板損傷,ハンゲツバンソンショウ,ハンゲツバンソンショウ
アキレス腱断裂,1285,1285,5000,名詞,固有名詞,*,*,*,*,アキレス腱断裂,アキレスケンダンレツ,アキレスケンダンレツ
リスフラン関節損傷,1285,1285,5000,名詞,固有名詞,*,*,*,*,リスフラン関節損傷,リスフランカンセツソンショウ,リスフランカンセツソンショウ
ショパール関節損傷,1285,1285,5000,名詞,固有名詞,*,*,*,*,ショパール関節損傷,ショパールカンセツソンショウ,ショパールカンセツソンショウ
股関節唇損傷,1285,1285,5000,名詞,固有名詞,*,*,*,*,股関節唇損傷,コカンセツシンソンショウ,コカンセツシンソンショウ
大腿骨寛骨臼インピンジメント,1285,1285,5000,名詞,固有名詞,*,*,*,*,大腿骨寛骨臼インピンジメント,ダイタイコツカンコツキュウインピンジメント,ダイタイコツカンコツキュウインピンジメント
肘内側側副靭帯損傷,1285,1285,5000,名詞,固有名詞,*,*,*,*,肘内側側副靭帯損傷,ヒジナイソクソクフクジンタイソンショウ,ヒジナイソクソクフクジンタイソンショウ
肘外側側副靭帯損傷,1285,1285,5000,名詞,固有名詞,*,*,*,*,肘外側側副靭帯損傷,ヒジガイソクソクフクジンタイソンショウ,ヒジガイソクソクフクジンタイソンショウ
足関節捻挫,1285,1285,5000,名詞,固有名詞,*,*,*,*,足関節捻挫,アシカンセツネンザ,アシカンセツネンザ
手根不安定症,1285,1285,5000,名詞,固有名詞,*,*,*,*,手根不安定症,シュコンフアンテイショウ,シュコンフアンテイショウ
インピンジメント症候群,1285,1285,5000,名詞,固有名詞,*,*,*,*,インピンジメント症候群,インピンジメントショウコウグン,インピンジメントショウコウグン
上腕骨外側上顆炎,1285,1285,5000,名詞,固有名詞,*,*,*,*,上腕骨外側上顆炎,ジョウワンコツガイソクジョウカエン,ジョウワンコツガイソクジョウカエン
テニス肘,1285,1285,5000,名詞,固有名詞,*,*,*,*,テニス肘,テニスヒジ,テニスヒジ
上腕骨内側上顆炎,1285,1285,5000,名詞,固有名詞,*,*,*,*,上腕骨内側上顆炎,ジョウワンコツナイソクジョウカエン,ジョウワンコツナイソクジョウカエン
ゴルフ肘,1285,1285,5000,名詞,固有名詞,*,*,*,*,ゴルフ肘,ゴルフヒジ,ゴルフヒジ
ばね指,1285,1285,5000,名詞,固有名詞,*,*,*,*,ばね指,バネユビ,バネユビ
弾発指,1285,1285,5000,名詞,固有名詞,*,*,*,*,弾発指,ダンパツシ,ダンパツシ
ドケルバン病,1285,1285,5000,名詞,固有名詞,*,*,*,*,ドケルバン病,ドケルバンビョウ,ドケルバンビョウ
肉離れ,1285,1285,5000,名詞,固有名詞,*,*,*,*,肉離れ,ニクバナレ,ニクバナレ
筋挫傷,1285,1285,5000,名詞,固有名詞,*,*,*,*,筋挫傷,キンザショウ,キンザショウ
野球肩,1285,1285,5000,名詞,固有名詞,*,*,*,*,野球肩,ヤキュウカタ,ヤキュウカタ
野球肘,1285,1285,5000,名詞,固有名詞,*,*,*,*,野球肘,ヤキュウヒジ,ヤキュウヒジ
シンスプリント,1285,1285,5000,名詞,固有名詞,*,*,*,*,シンスプリント,シンスプリント,シンスプリント
疲労骨折,1285,1285,5000,名詞,固有名詞,*,*,*,*,疲労骨折,ヒロウコッセツ,ヒロウコッセツ
オスグッド・シュラッター病,1285,1285,5000,名詞,固有名詞,*,*,*,*,オスグッド・シュラッター病,オスグッドシュラッタービョウ,オスグッドシュラッタービョウ
ジャンパー膝,1285,1285,5000,名詞,固有名詞,*,*,*,*,ジャンパー膝,ジャンパーヒザ,ジャンパーヒザ
膝蓋腱炎,1285,1285,5000,名詞,固有名詞,*,*,*,*,膝蓋腱炎,シツガイケンエン,シツガイケンエン
腸脛靭帯炎,1285,1285,5000,名詞,固有名詞,*,*,*,*,腸脛靭帯炎,チョウケイジンタイエン,チョウケイジンタイエン
ランナー膝,1285,1285,5000,名詞,固有名詞,*,*,*,*,ランナー膝,ランナーヒザ,ランナーヒザ
上腕二頭筋長頭腱炎,1285,1285,5000,名詞,固有名詞,*,*,*,*,上腕二頭筋長頭腱炎,ジョウワンニトウキンチョウトウケンエン,ジョウワンニトウキンチョウトウケンエン
梨状筋症候群,1285,1285,5000,名詞,固有名詞,*,*,*,*,梨状筋症候群,リジョウキンショウコウグン,リジョウキンショウコウグン
滑液包炎,1285,1285,5000,名詞,固有名詞,*,*,*,*,滑液包炎,カツエキホウエン,カツエキホウエン
弾発股,1285,1285,5000,名詞,固有名詞,*,*,*,*,弾発股,ダンパツコ,ダンパツコ
タナ障害,1285,1285,5000,名詞,固有名詞,*,*,*,*,タナ障害,タナショウガイ,タナショウガイ
投球障害肩,1285,1285,5000,名詞,固有名詞,*,*,*,*,投球障害肩,トウキュウショウガイカタ,トウキュウショウガイカタ
投球障害肘,1285,1285,5000,名詞,固有名詞,*,*,*,*,投球障害肘,トウキュウショウガイヒジ,トウキュウショウガイヒジ
テニスレッグ,1285,1285,5000,名詞,固有名詞,*,*,*,*,テニスレッグ,テニスレッグ,テニスレッグ
アキレス腱付着部炎,1285,1285,5000,名詞,固有名詞,*,*,*,*,アキレス腱付着部炎,アキレスケンフチャクブエン,アキレスケンフチャクブエン
大腿筋膜張筋炎,1285,1285,5000,名詞,固有名詞,*,*,*,*,大腿筋膜張筋炎,ダイタイキンマクチョウキンエン,ダイタイキンマクチョウキンエン
膝窩筋腱炎,1285,1285,5000,名詞,固有名詞,*,*,*,*,膝窩筋腱炎,シッカキンケンエン,シッカキンケンエン
足関節インピンジメント症候群,1285,1285,5000,名詞,固有名詞,*,*,*,*,足関節インピンジメント症候群,アシカンセツインピンジメントショウコウグン,アシカンセツインピンジメントショウコウグン
尺側手根伸筋腱炎,1285,1285,5000,名詞,固有名詞,*,*,*,*,尺側手根伸筋腱炎,シャクソクシュコンシンキンケンエン,シャクソクシュコンシンキンケンエン
リトルリーグ肩,1285,1285,5000,名詞,固有名詞,*,*,*,*,リトルリーグ肩,リトルリーグカタ,リトルリーグカタ
リトルリーグ肘,1285,1285,5000,名詞,固有名詞,*,*,*,*,リトルリーグ肘,リトルリーグヒジ,リトルリーグヒジ
鵞足炎,1285,1285,5000,名詞,固有名詞,*,*,*,*,鵞足炎,ガソクエン,ガソクエン
腸腰筋炎,1285,1285,5000,名詞,固有名詞,*,*,*,*,腸腰筋炎,チョウヨウキンエン,チョウヨウキンエン
鼠径部痛症候群,1285,1285,5000,名詞,固有名詞,*,*,*,*,鼠径部痛症候群,ソケイブツウショウコウグン,ソケイブツウショウコウグン
グロインペイン症候群,1285,1285,5000,名詞,固有名詞,*,*,*,*,グロインペイン症候群,グロインペインショウコウグン,グロインペインショウコウグン
先天性股関節脱臼,1285,1285,5000,名詞,固有名詞,*,*,*,*,先天性股関節脱臼,センテンセイコカンセツダッキュウ,センテンセイコカンセツダッキュウ
発育性股関節形成不全,1285,1285,5000,名詞,固有名詞,*,*,*,*,発育性股関節形成不全,ハツイクセイコカンセツケイセイフゼン,ハツイクセイコカンセツケイセイフゼン
ペルテス病,1285,1285,5000,名詞,固有名詞,*,*,*,*,ペルテス病,ペルテスビョウ,ペルテスビョウ
大腿骨頭すべり症,1285,1285,5000,名詞,固有名詞,*,*,*,*,大腿骨頭すべり症,ダイタイコットウスベリショウ,ダイタイコットウスベリショウ
先天性内反足,1285,1285,5000,名詞,固有名詞,*,*,*,*,先天性内反足,センテンセイナイハンソク,センテンセイナイハンソク
筋性斜頸,1285,1285,5000,名詞,固有名詞,*,*,*,*,筋性斜頸,キンセイシャケイ,キンセイシャケイ
短指症,1285,1285,5000,名詞,固有名詞,*,*,*,*,短指症,タンシショウ,タンシショウ
多指症,1285,1285,5000,名詞,固有名詞,*,*,*,*,多指症,タシショウ,タシショウ
合指症,1285,1285,5000,名詞,固有名詞,*,*,*,*,合指症,ゴウシショウ,ゴウシショウ
絞扼輪症候群,1285,1285,5000,名詞,固有名詞,*,*,*,*,絞扼輪症候群,コウヤクリンショウコウグン,コウヤクリンショウコウグン
先天性多発性関節拘縮症,1285,1285,5000,名詞,固有名詞,*,*,*,*,先天性多発性関節拘縮症,センテンセイタハツセイカンセツコウシュクショウ,センテンセイタハツセイカンセツコウシュクショウ
ブラウント病,1285,1285,5000,名詞,固有名詞,*,*,*,*,ブラウント病,ブラウントビョウ,ブラウントビョウ
X脚,1285,1285,5000,名詞,固有名詞,*,*,*,*,X脚,エックスキャク,エックスキャク
脳性麻痺,1285,1285,5000,名詞,固有名詞,*,*,*,*,脳性麻痺,ノウセイマヒ,ノウセイマヒ
筋ジストロフィー,1285,1285,5000,名詞,固有名詞,*,*,*,*,筋ジストロフィー,キンジストロフィー,キンジストロフィー
脊髄性筋萎縮症,1285,1285,5000,名詞,固有名詞,*,*,*,*,脊髄性筋萎縮症,セキズイセイキンイシュクショウ,セキズイセイキンイシュクショウ
シャルコー・マリー・トゥース病,1285,1285,5000,名詞,固有名詞,*,*,*,*,シャルコー・マリー・トゥース病,シャルコーマリートゥースビョウ,シャルコーマリートゥースビョウ
末梢神経障害,1285,1285,5000,名詞,固有名詞,*,*,*,*,末梢神経障害,マッショウシンケイショウガイ,マッショウシンケイショウガイ
橈骨神経麻痺,1285,1285,5000,名詞,固有名詞,*,*,*,*,橈骨神経麻痺,トウコツシンケイマヒ,トウコツシンケイマヒ
腓骨神経麻痺,1285,1285,5000,名詞,固有名詞,*,*,*,*,腓骨神経麻痺,ヒコツシンケイマヒ,ヒコツシンケイマヒ
多発性筋炎,1285,1285,5000,名詞,固有名詞,*,*,*,*,多発性筋炎,タハツセイキンエン,タハツセイキンエン
皮膚筋炎,1285,1285,5000,名詞,固有名詞,*,*,*,*,皮膚筋炎,ヒフキンエン,ヒフキンエン
骨形成不全症,1285,1285,5000,名詞,固有名詞,*,*,*,*,骨形成不全症,コツケイセイフゼンショウ,コツケイセイフゼンショウ
マルファン症候群,1285,1285,5000,名詞,固有名詞,*,*,*,*,マルファン症候群,マルファンショウコウグン,マルファンショウコウグン
エーラス・ダンロス症候群,1285,1285,5000,名詞,固有名詞,*,*,*,*,エーラス・ダンロス症候群,エーラスダンロスショウコウグン,エーラスダンロスショウコウグン
胸郭出口症候群,1285,1285,5000,名詞,固有名詞,*,*,*,*,胸郭出口症候群,キョウカクデグチショウコウグン,キョウカクデグチショウコウグン
手根管症候群,1285,1285,5000,名詞,固有名詞,*,*,*,*,手根管症候群,シュコンカンショウコウグン,シュコンカンショウコウグン
肘部管症候群,1285,1285,5000,名詞,固有名詞,*,*,*,*,肘部管症候群,チュウブカンショウコウグン,チュウブカンショウコウグン
足根管症候群,1285,1285,5000,名詞,固有名詞,*,*,*,*,足根管症候群,ソッコンカンショウコウグン,ソッコンカンショウコウグン
Guyon管症候群,1285,1285,5000,名詞,固有名詞,*,*,*,*,Guyon管症候群,ギヨンカンショウコウグン,ギヨンカンショウコウグン
絞扼性神経障害,1285,1285,5000,名詞,固有名詞,*,*,*,*,絞扼性神経障害,コウヤクセイシンケイショウガイ,コウヤクセイシンケイショウガイ
ギラン・バレー症候群,1285,1285,5000,名詞,固有名詞,*,*,*,*,ギラン・バレー症候群,ギランバレーショウコウグン,ギランバレーショウコウグン
脊髄空洞症,1285,1285,5000,名詞,固有名詞,*,*,*,*,脊髄空洞症,セキズイクウドウショウ,セキズイクウドウショウ
二分脊椎,1285,1285,5000,名詞,固有名詞,*,*,*,*,二分脊椎,ニブンセキツイ,ニブンセキツイ
脊髄髄膜瘤,1285,1285,5000,名詞,固有名詞,*,*,*,*,脊髄髄膜瘤,セキズイズイマクリュウ,セキズイズイマクリュウ
重症筋無力症,1285,1285,5000,名詞,固有名詞,*,*,*,*,重症筋無力症,ジュウショウキンムリョクショウ,ジュウショウキンムリョクショウ
筋無力症性症候群,1285,1285,5000,名詞,固有名詞,*,*,*,*,筋無力症性症候群,キンムリョクショウセイショウコウグン,キンムリョクショウセイショウコウグン
ポリオ後症候群,1285,1285,5000,名詞,固有名詞,*,*,*,*,ポリオ後症候群,ポリオゴショウコウグン,ポリオゴショウコウグン
筋萎縮性側索硬化症,1285,1285,5000,名詞,固有名詞,*,*,*,*,筋萎縮性側索硬化症,キンイシュクセイソクサクコウカショウ,キンイシュクセイソクサクコウカショウ
多発性硬化症,1285,1285,5000,名詞,固有名詞,*,*,*,*,多発性硬化症,タハツセイコウカショウ,タハツセイコウカショウ
パーキンソン病,1285,1285,5000,名詞,固有名詞,*,*,*,*,パーキンソン病,パーキンソンビョウ,パーキンソンビョウ
線維筋痛症,1285,1285,5000,名詞,固有名詞,*,*,*,*,線維筋痛症,センイキンツウショウ,センイキンツウショウ
強皮症,1285,1285,5000,名詞,固有名詞,*,*,*,*,強皮症,キョウヒショウ,キョウヒショウ
全身性エリテマトーデス,1285,1285,5000,名詞,固有名詞,*,*,*,*,全身性エリテマトーデス,ゼンシンセイエリテマトーデス,ゼンシンセイエリテマトーデス
骨軟部腫瘍,1285,1285,5000,名詞,固有名詞,*,*,*,*,骨軟部腫瘍,コツナンブシュヨウ,コツナンブシュヨウ
骨腫瘍,1285,1285,5000,名詞,固有名詞,*,*,*,*,骨腫瘍,コツシュヨウ,コツシュヨウ
軟部腫瘍,1285,1285,5000,名詞,固有名詞,*,*,*,*,軟部腫瘍,ナンブシュヨウ,ナンブシュヨウ
グロムス腫瘍,1285,1285,5000,名詞,固有名詞,*,*,*,*,グロムス腫瘍,グロムスシュヨウ,グロムスシュヨウ
巨細胞腫,1285,1285,5000,名詞,固有名詞,*,*,*,*,巨細胞腫,キョサイボウシュ,キョサイボウシュ
骨軟骨腫,1285,1285,5000,名詞,固有名詞,*,*,*,*,骨軟骨腫,コツナンコツシュ,コツナンコツシュ
内軟骨腫,1285,1285,5000,名詞,固有名詞,*,*,*,*,内軟骨腫,ナイナンコツシュ,ナイナンコツシュ
ユーイング肉腫,1285,1285,5000,名詞,固有名詞,*,*,*,*,ユーイング肉腫,ユーイングニクシュ,ユーイングニクシュ
横紋筋肉腫,1285,1285,5000,名詞,固有名詞,*,*,*,*,横紋筋肉腫,オウモンキンニクシュ,オウモンキンニクシュ
神経鞘腫,1285,1285,5000,名詞,固有名詞,*,*,*,*,神経鞘腫,シンケイショウシュ,シンケイショウシュ
神経線維腫,1285,1285,5000,名詞,固有名詞,*,*,*,*,神経線維腫,シンケイセンイシュ,シンケイセンイシュ
骨肉腫,1285,1285,5000,名詞,固有名詞,*,*,*,*,骨肉腫,コツニクシュ,コツニクシュ
軟骨肉腫,1285,1285,5000,名詞,固有名詞,*,*,*,*,軟骨肉腫,ナンコツニクシュ,ナンコツニクシュ
類骨骨腫,1285,1285,5000,名詞,固有名詞,*,*,*,*,類骨骨腫,ルイコツコツシュ,ルイコツコツシュ
四肢切断,1285,1285,5000,名詞,固有名詞,*,*,*,*,四肢切断,シシセツダン,シシセツダン
デュピュイトラン拘縮,1285,1285,5000,名詞,固有名詞,*,*,*,*,デュピュイトラン拘縮,デュピュイトランコウシュク,デュピュイトランコウシュク
ガングリオン,1285,1285,5000,名詞,固有名詞,*,*,*,*,ガングリオン,ガングリオン,ガングリオン
扁平足,1285,1285,5000,名詞,固有名詞,*,*,*,*,扁平足,ヘンペイソク,ヘンペイソク
骨パジェット病,1285,1285,5000,名詞,固有名詞,*,*,*,*,骨パジェット病,コツパジェットビョウ,コツパジェットビョウ
離断性骨軟骨炎,1285,1285,5000,名詞,固有名詞,*,*,*,*,離断性骨軟骨炎,リダンセイコツナンコツエン,リダンセイコツナンコツエン
有痛性外脛骨,1285,1285,5000,名詞,固有名詞,*,*,*,*,有痛性外脛骨,ユウツウセイガイケイコツ,ユウツウセイガイケイコツ
モートン病,1285,1285,5000,名詞,固有名詞,*,*,*,*,モートン病,モートンビョウ,モートンビョウ
キーンベック病,1285,1285,5000,名詞,固有名詞,*,*,*,*,キーンベック病,キーンベックビョウ,キーンベックビョウ
フライバーグ病,1285,1285,5000,名詞,固有名詞,*,*,*,*,フライバーグ病,フライバーグビョウ,フライバーグビョウ
ケーラー病,1285,1285,5000,名詞,固有名詞,*,*,*,*,ケーラー病,ケーラービョウ,ケーラービョウ
有痛性分裂膝蓋骨,1285,1285,5000,名詞,固有名詞,*,*,*,*,有痛性分裂膝蓋骨,ユウツウセイブンレツシツガイコツ,ユウツウセイブンレツシツガイコツ
三角骨障害,1285,1285,5000,名詞,固有名詞,*,*,*,*,三角骨障害,サンカクコツショウガイ,サンカクコツショウガイ
足底線維腫症,1285,1285,5000,名詞,固有名詞,*,*,*,*,足底線維腫症,ソクテイセンイシュショウ,ソクテイセンイシュショウ
ヘバーデン結節,1285,1285,5000,名詞,固有名詞,*,*,*,*,ヘバーデン結節,ヘバーデンケッセツ,ヘバーデンケッセツ
ブシャール結節,1285,1285,5000,名詞,固有名詞,*,*,*,*,ブシャール結節,ブシャールケッセツ,ブシャールケッセツ
母指CM関節症,1285,1285,5000,名詞,固有名詞,*,*,*,*,母指CM関節症,ボシシーエムカンセツショウ,ボシシーエムカンセツショウ
尺骨突き上げ症候群,1285,1285,5000,名詞,固有名詞,*,*,*,*,尺骨突き上げ症候群,シャッコツツキアゲショウコウグン,シャッコツツキアゲショウコウグン
肘内障,1285,1285,5000,名詞,固有名詞,*,*,*,*,肘内障,チュウナイショウ,チュウナイショウ
骨壊死症,1285,1285,5000,名詞,固有名詞,*,*,*,*,骨壊死症,コツエシショウ,コツエシショウ
骨端症,1285,1285,5000,名詞,固有名詞,*,*,*,*,骨端症,コッタンショウ,コッタンショウ
骨髄炎,1285,1285,5000,名詞,固有名詞,*,*,*,*,骨髄炎,コツズイエン,コツズイエン
骨膜炎,1285,1285,5000,名詞,固有名詞,*,*,*,*,骨膜炎,コツマクエン,コツマクエン
筋・筋膜性疼痛症候群,1285,1285,5000,名詞,固有名詞,*,*,*,*,筋・筋膜性疼痛症候群,キンキンマクセイトウツウショウコウグン,キンキンマクセイトウツウショウコウグン
滑膜骨軟骨腫症,1285,1285,5000,名詞,固有名詞,*,*,*,*,滑膜骨軟骨腫症,カツマクコツナンコツシュショウ,カツマクコツナンコツシュショウ
色素性絨毛結節性滑膜炎,1285,1285,5000,名詞,固有名詞,*,*,*,*,色素性絨毛結節性滑膜炎,シキソセイジュウモウケッセツセイカツマクエン,シキソセイジュウモウケッセツセイカツマクエン
ベーカー嚢腫,1285,1285,5000,名詞,固有名詞,*,*,*,*,ベーカー嚢腫,ベーカーノウシュ,ベーカーノウシュ
強剛母趾,1285,1285,5000,名詞,固有名詞,*,*,*,*,強剛母趾,キョウゴウボシ,キョウゴウボシ
巻き爪,1285,1285,5000,名詞,固有名詞,*,*,*,*,巻き爪,マキヅメ,マキヅメ
陥入爪,1285,1285,5000,名詞,固有名詞,*,*,*,*,陥入爪,カンニュウソウ,カンニュウソウ
骨軟化症,1285,1285,5000,名詞,固有名詞,*,*,*,*,骨軟化症,コツナンカショウ,コツナンカショウ
くる病,1285,1285,5000,名詞,固有名詞,*,*,*,*,くる病,クルビョウ,クルビョウ
サルコイドーシス,1285,1285,5000,名詞,固有名詞,*,*,*,*,サルコイドーシス,サルコイドーシス,サルコイドーシス
セーバー病,1285,1285,5000,名詞,固有名詞,*,*,*,*,セーバー病,セーバービョウ,セーバービョウ
ハグルンド病,1285,1285,5000,名詞,固有名詞,*,*,*,*,ハグルンド病,ハグルンドビョウ,ハグルンドビョウ
副甲状腺機能亢進症,1285,1285,5000,名詞,固有名詞,*,*,*,*,副甲状腺機能亢進症,フクコウジョウセンキノウコウシンショウ,フクコウジョウセンキノウコウシンショウ
腎性骨異栄養症,1285,1285,5000,名詞,固有名詞,*,*,*,*,腎性骨異栄養症,ジンセイコツイエイヨウショウ,ジンセイコツイエイヨウショウ
オーバーユース症候群,1285,1285,5000,名詞,固有名詞,*,*,*,*,オーバーユース症候群,オーバーユースショウコウグン,オーバーユースショウコウグン
頚肋症候群,1285,1285,5000,名詞,固有名詞,*,*,*,*,頚肋症候群,ケイロクショウコウグン,ケイロクショウコウグン
反張膝,1285,1285,5000,名詞,固有名詞,*,*,*,*,反張膝,ハンチョウヒザ,ハンチョウヒザ
内反足,1285,1285,5000,名詞,固有名詞,*,*,*,*,内反足,ナイハンソク,ナイハンソク
外反足,1285,1285,5000,名詞,固有名詞,*,*,*,*,外反足,ガイハンソク,ガイハンソク
踵骨棘,1285,1285,5000,名詞,固有名詞,*,*,*,*,踵骨棘,ショウコツキョク,ショウコツキョク
弾発膝,1285,1285,5000,名詞,固有名詞,*,*,*,*,弾発膝,ダンパツヒザ,ダンパツヒザ
距骨骨軟骨損傷,1285,1285,5000,名詞,固有名詞,*,*,*,*,距骨骨軟骨損傷,キョコツコツナンコツソンショウ,キョコツコツナンコツソンショウ
有痛性距踵骨癒合症,1285,1285,5000,名詞,固有名詞,*,*,*,*,有痛性距踵骨癒合症,ユウツウセイキョショウコツユゴウショウ,ユウツウセイキョショウコツユゴウショウ
頸肩腕症候群,1285,1285,5000,名詞,固有名詞,*,*,*,*,頸肩腕症候群,ケイケンワンショウコウグン,ケイケンワンショウコウグン
運動器不安定症,1285,1285,5000,名詞,固有名詞,*,*,*,*,運動器不安定症,ウンドウキフアンテイショウ,ウンドウキフアンテイショウ
ロコモティブシンドローム,1285,1285,5000,名詞,固有名詞,*,*,*,*,ロコモティブシンドローム,ロコモティブシンドローム,ロコモティブシンドローム
サルコペニア,1285,1285,5000,名詞,固有名詞,*,*,*,*,サルコペニア,サルコペニア,サルコペニア
フレイル,1285,1285,5000,名詞,固有名詞,*,*,*,*,フレイル,フレイル,フレイル
関節拘縮,1285,1285,5000,名詞,固有名詞,*,*,*,*,関節拘縮,カンセツコウシュク,カンセツコウシュク
人工関節脱臼,1285,1285,5000,名詞,固有名詞,*,*,*,*,人工関節脱臼,ジンコウカンセツダッキュウ,ジンコウカンセツダッキュウ
廃用症候群,1285,1285,5000,名詞,固有名詞,*,*,*,*,廃用症候群,ハイヨウショウコウグン,ハイヨウショウコウグン
フォルクマン拘縮,1285,1285,5000,名詞,固有名詞,*,*,*,*,フォルクマン拘縮,フォルクマンコウシュク,フォルクマンコウシュク
化骨性筋炎,1285,1285,5000,名詞,固有名詞,*,*,*,*,化骨性筋炎,カコツセイキンエン,カコツセイキンエン
病的骨折,1285,1285,5000,名詞,固有名詞,*,*,*,*,病的骨折,ビョウテキコッセツ,ビョウテキコッセツ
遷延癒合,1285,1285,5000,名詞,固有名詞,*,*,*,*,遷延癒合,センエンユゴウ,センエンユゴウ
偽関節,1285,1285,5000,名詞,固有名詞,*,*,*,*,偽関節,ギカンセツ,ギカンセツ
変形癒合,1285,1285,5000,名詞,固有名詞,*,*,*,*,変形癒合,ヘンケイユゴウ,ヘンケイユゴウ
外傷後関節症,1285,1285,5000,名詞,固有名詞,*,*,*,*,外傷後関節症,ガイショウゴカンセツショウ,ガイショウゴカンセツショウ
熱傷後拘縮,1285,1285,5000,名詞,固有名詞,*,*,*,*,熱傷後拘縮,ネッショウゴコウシュク,ネッショウゴコウシュク
瘢痕拘縮,1285,1285,5000,名詞,固有名詞,*,*,*,*,瘢痕拘縮,ハンコンコウシュク,ハンコンコウシュク
複合性局所疼痛症候群,1285,1285,5000,名詞,固有名詞,*,*,*,*,複合性局所疼痛症候群,フクゴウセイキョクショトウツウショウコウグン,フクゴウセイキョクショトウツウショウコウグン
神経病性関節症,1285,1285,5000,名詞,固有名詞,*,*,*,*,神経病性関節症,シンケイビョウセイカンセツショウ,シンケイビョウセイカンセツショウ
シャルコー関節,1285,1285,5000,名詞,固有名詞,*,*,*,*,シャルコー関節,シャルコーカンセツ,シャルコーカンセツ
マレット変形,1285,1285,5000,名詞,固有名詞,*,*,*,*,マレット変形,マレットヘンケイ,マレットヘンケイ
ボタン穴変形,1285,1285,5000,名詞,固有名詞,*,*,*,*,ボタン穴変形,ボタンアナヘンケイ,ボタンアナヘンケイ
スワンネック変形,1285,1285,5000,名詞,固有名詞,*,*,*,*,スワンネック変形,スワンネックヘンケイ,スワンネックヘンケイ
幻肢痛,1285,1285,5000,名詞,固有名詞,*,*,*,*,幻肢痛,ゲンシツウ,ゲンシツウ
断端痛,1285,1285,5000,名詞,固有名詞,*,*,*,*,断端痛,ダンタンツウ,ダンタンツウ
深部静脈血栓症,1285,1285,5000,名詞,固有名詞,*,*,*,*,深部静脈血栓症,シンブジョウミャクケッセンショウ,シンブジョウミャクケッセンショウ
肺血栓塞栓症,1285,1285,5000,名詞,固有名詞,*,*,*,*,肺血栓塞栓症,ハイケッセンソクセンショウ,ハイケッセンソクセンショウ
静脈血栓塞栓症,1285,1285,5000,名詞,固有名詞,*,*,*,*,静脈血栓塞栓症,ジョウミャクケッセンソクセンショウ,ジョウミャクケッセンソクセンショウ
術後感染,1285,1285,5000,名詞,固有名詞,*,*,*,*,術後感染,ジュツゴカンセン,ジュツゴカンセン
手術部位感染,1285,1285,5000,名詞,固有名詞,*,*,*,*,手術部位感染,シュジュツブイカンセン,シュジュツブイカンセン
人工関節感染,1285,1285,5000,名詞,固有名詞,*,*,*,*,人工関節感染,ジンコウカンセツカンセン,ジンコウカンセツカンセン
術後せん妄,1285,1285,5000,名詞,固有名詞,*,*,*,*,術後せん妄,ジュツゴセンモウ,ジュツゴセンモウ
誤嚥性肺炎,1285,1285,5000,名詞,固有名詞,*,*,*,*,誤嚥性肺炎,ゴエンセイハイエン,ゴエンセイハイエン
脳血管障害,1285,1285,5000,名詞,固有名詞,*,*,*,*,脳血管障害,ノウケッカンショウガイ,ノウケッカンショウガイ
脳出血,1285,1285,5000,名詞,固有名詞,*,*,*,*,脳出血,ノウシュッケツ,ノウシュッケツ
外傷性脳損傷,1285,1285,5000,名詞,固有名詞,*,*,*,*,外傷性脳損傷,ガイショウセイノウソンショウ,ガイショウセイノウソンショウ
糖尿病性足病変,1285,1285,5000,名詞,固有名詞,*,*,*,*,糖尿病性足病変,トウニョウビョウセイソクビョウヘン,トウニョウビョウセイソクビョウヘン
糖尿病性神経障害,1285,1285,5000,名詞,固有名詞,*,*,*,*,糖尿病性神経障害,トウニョウビョウセイシンケイショウガイ,トウニョウビョウセイシンケイショウガイ
閉塞性動脈硬化症,1285,1285,5000,名詞,固有名詞,*,*,*,*,閉塞性動脈硬化症,ヘイソクセイドウミャクコウカショウ,ヘイソクセイドウミャクコウカショウ
心不全,1285,1285,5000,名詞,固有名詞,*,*,*,*,心不全,シンフゼン,シンフゼン
心筋梗塞,1285,1285,5000,名詞,固有名詞,*,*,*,*,心筋梗塞,シンキンコウソク,シンキンコウソク
腎不全,1285,1285,5000,名詞,固有名詞,*,*,*,*,腎不全,ジンフゼン,ジンフゼン
低栄養,1285,1285,5000,名詞,固有名詞,*,*,*,*,低栄養,テイエイヨウ,テイエイヨウ
リンパ浮腫,1285,1285,5000,名詞,固有名詞,*,*,*,*,リンパ浮腫,リンパフシュ,リンパフシュ
慢性閉塞性肺疾患,1285,1285,5000,名詞,固有名詞,*,*,*,*,慢性閉塞性肺疾患,マンセイヘイソクセイハイシッカン,マンセイヘイソクセイハイシッカン
間質性肺炎,1285,1285,5000,名詞,固有名詞,*,*,*,*,間質性肺炎,カンシツセイハイエン,カンシツセイハイエン
呼吸不全,1285,1285,5000,名詞,固有名詞,*,*,*,*,呼吸不全,コキュウフゼン,コキュウフゼン
貧血,1285,1285,5000,名詞,固有名詞,*,*,*,*,貧血,ヒンケツ,ヒンケツ
不整脈,1285,1285,5000,名詞,固有名詞,*,*,*,*,不整脈,フセイミャク,フセイミャク
末梢動脈疾患,1285,1285,5000,名詞,固有名詞,*,*,*,*,末梢動脈疾患,マッショウドウミャクシッカン,マッショウドウミャクシッカン
皮膚脆弱性,1285,1285,5000,名詞,固有名詞,*,*,*,*,皮膚脆弱性,ヒフゼイジャクセイ,ヒフゼイジャクセイ
起立性低血圧,1285,1285,5000,名詞,固有名詞,*,*,*,*,起立性低血圧,キリツセイテイケツアツ,キリツセイテイケツアツ
視力障害,1285,1285,5000,名詞,固有名詞,*,*,*,*,視力障害,シリョクショウガイ,シリョクショウガイ
うつ病,1285,1285,5000,名詞,固有名詞,*,*,*,*,うつ病,ウツビョウ,ウツビョウ
不安障害,1285,1285,5000,名詞,固有名詞,*,*,*,*,不安障害,フアンショウガイ,フアンショウガイ
睡眠障害,1285,1285,5000,名詞,固有名詞,*,*,*,*,睡眠障害,スイミンショウガイ,スイミンショウガイ
インプラント周囲骨折,1285,1285,5000,名詞,固有名詞,*,*,*,*,インプラント周囲骨折,インプラントシュウイコッセツ,インプラントシュウイコッセツ
術後神経麻痺,1285,1285,5000,名詞,固有名詞,*,*,*,*,術後神経麻痺,ジュツゴシンケイマヒ,ジュツゴシンケイマヒ
異所性骨化,1285,1285,5000,名詞,固有名詞,*,*,*,*,異所性骨化,イショセイコッカ,イショセイコッカ
関節強直,1285,1285,5000,名詞,固有名詞,*,*,*,*,関節強直,カンセツキョウチョク,カンセツキョウチョク
下肢長不等,1285,1285,5000,名詞,固有名詞,*,*,*,*,下肢長不等,カシチョウフトウ,カシチョウフトウ
アライメント不良,1285,1285,5000,名詞,固有名詞,*,*,*,*,アライメント不良,アライメントフリョウ,アライメントフリョウ
脱水,1285,1285,5000,名詞,固有名詞,*,*,*,*,脱水,ダッスイ,ダッスイ
尿路感染症,1285,1285,5000,名詞,固有名詞,*,*,*,*,尿路感染症,ニョウロカンセンショウ,ニョウロカンセンショウ
便秘,1285,1285,5000,名詞,固有名詞,*,*,*,*,便秘,ベンピ,ベンピ
認知機能低下,1285,1285,5000,名詞,固有名詞,*,*,*,*,認知機能低下,ニンチキノウテイカ,ニンチキノウテイカ
嚥下障害,1285,1285,5000,名詞,固有名詞,*,*,*,*,嚥下障害,エンゲショウガイ,エンゲショウガイ
電解質異常,1285,1285,5000,名詞,固有名詞,*,*,*,*,電解質異常,デンカイシツイジョウ,デンカイシツイジョウ
甲状腺機能低下症,1285,1285,5000,名詞,固有名詞,*,*,*,*,甲状腺機能低下症,コウジョウセンキノウテイカショウ,コウジョウセンキノウテイカショウ
大動脈弁狭窄症,1285,1285,5000,名詞,固有名詞,*,*,*,*,大動脈弁狭窄症,ダイドウミャクベンキョウサクショウ,ダイドウミャクベンキョウサクショウ
帯状疱疹,1285,1285,5000,名詞,固有名詞,*,*,*,*,帯状疱疹,タイジョウホウシン,タイジョウホウシン
帯状疱疹後神経痛,1285,1285,5000,名詞,固有名詞,*,*,*,*,帯状疱疹後神経痛,タイジョウホウシンゴシンケイツウ,タイジョウホウシンゴシンケイツウ
睡眠時無呼吸症候群,1285,1285,5000,名詞,固有名詞,*,*,*,*,睡眠時無呼吸症候群,スイミンジムコキュウショウコウグン,スイミンジムコキュウショウコウグン
ポリファーマシー,1285,1285,5000,名詞,固有名詞,*,*,*,*,ポリファーマシー,ポリファーマシー,ポリファーマシー
薬剤性パーキンソニズム,1285,1285,5000,名詞,固有名詞,*,*,*,*,薬剤性パーキンソニズム,ヤクザイセイパーキンソニズム,ヤクザイセイパーキンソニズム
排尿障害,1285,1285,5000,名詞,固有名詞,*,*,*,*,排尿障害,ハイニョウショウガイ,ハイニョウショウガイ
尿失禁,1285,1285,5000,名詞,固有名詞,*,*,*,*,尿失禁,ニョウシッキン,ニョウシッキン
頻尿,1285,1285,5000,名詞,固有名詞,*,*,*,*,頻尿,ヒンニョウ,ヒンニョウ
神経因性膀胱,1285,1285,5000,名詞,固有名詞,*,*,*,*,神経因性膀胱,シンケイインセイボウコウ,シンケイインセイボウコウ
悪性腫瘍,1285,1285,5000,名詞,固有名詞,*,*,*,*,悪性腫瘍,アクセイシュヨウ,アクセイシュヨウ
低アルブミン血症,1285,1285,5000,名詞,固有名詞,*,*,*,*,低アルブミン血症,テイアルブミンケッショウ,テイアルブミンケッショウ